id,date,species,code,action,person,abundance,volume_l,note,logged_at
20261002174240-4msajn,2026-10-02,Skistodiaptomus pallidus,GLCO,fed,Jose,Very Low,,,2026-10-02T17:42:40.140Z
20261002174410-mp9cxy,2026-10-02,Skistodiaptomus pallidus,CPCO,fed,Jose,Medium,,,2026-10-02T17:44:10.003Z
20261002174530-93dg8r,2026-10-02,Skistodiaptomus pallidus,KMCO,fed,Jose,Very Low,,,2026-10-02T17:45:30.025Z
20261002174624-ysp9sr,2026-10-02,Skistodiaptomus pallidus,NPNE,fed,Jose,Very Low,,,2026-10-02T17:46:24.867Z
20261002174650-57uy8p,2026-10-02,Skistodiaptomus pallidus,BRNY,fed,Jose,Low,,,2026-10-02T17:46:50.905Z
20261002174802-m8oyht,2026-10-02,Skistodiaptomus pallidus,LLPA,fed,Jose,Medium,,,2026-10-02T17:48:02.631Z
20261002174829-rdmmou,2026-10-02,Skistodiaptomus pallidus,HPPA,fed,Jose,Low,,,2026-10-02T17:48:29.307Z
20261002174932-navlt4,2026-10-02,Skistodiaptomus pallidus,CPCT,fed,Jose,Low,,,2026-10-02T17:49:32.672Z
20261002175021-sga5qv,2026-10-02,Skistodiaptomus pallidus,OPOH,fed,Jose,Low,,,2026-10-02T17:50:21.586Z
20261002175057-5o826d,2026-10-02,Leptodiaptomus siciloides,BRNY,fed,Jose,Medium,,,2026-10-02T17:50:57.184Z
20261005224033-7twty7,2026-10-05,Skistodiaptomus pallidus,GLCO,fed,MCS,,,,2026-10-05T22:40:33.276Z
20261005224041-v7fe9x,2026-10-05,Skistodiaptomus pallidus,CPCO,fed,MCS,,,,2026-10-05T22:40:41.029Z
20261005224051-jhpp62,2026-10-05,Skistodiaptomus pallidus,KMCO,fed,MCS,,,,2026-10-05T22:40:51.472Z
20261005224059-xyws6x,2026-10-05,Skistodiaptomus pallidus,NPNE,fed,MCS,,,,2026-10-05T22:40:59.939Z
20261005224105-90j58m,2026-10-05,Skistodiaptomus pallidus,BRNY,fed,MCS,,,,2026-10-05T22:41:05.813Z
20261005224115-ng657s,2026-10-05,Skistodiaptomus pallidus,LLPA,fed,MCS,,,,2026-10-05T22:41:15.081Z
20261005224121-2vcrj9,2026-10-05,Skistodiaptomus pallidus,HPPA,fed,MCS,,,,2026-10-05T22:41:21.270Z
20261005224134-a1uuix,2026-10-05,Skistodiaptomus pallidus,OPOH,fed,MCS,,,,2026-10-05T22:41:34.308Z
20261005224143-h7vrhl,2026-10-05,Leptodiaptomus siciloides,BRNY,fed,MCS,,,,2026-10-05T22:41:43.996Z
20261005224153-4dc2sa,2026-10-05,Skistodiaptomus pallidus,CPCT,fed,MCS,,,,2026-10-05T22:41:53.885Z
20261006153602-3h04ke,2026-10-06,Skistodiaptomus pallidus,HPPA,fed,Jackson,Medium,,,2026-10-06T15:36:02.265Z
20261006153602-qm86a0,2026-10-06,Skistodiaptomus pallidus,HPPA,water_change,Jackson,Medium,2,,2026-10-06T15:36:02.265Z
20261006153634-fe2aqa,2026-10-06,Skistodiaptomus pallidus,CPCT,fed,Jackson,Medium,,Lots of algae,2026-10-06T15:36:34.563Z
20261006153634-ttjk78,2026-10-06,Skistodiaptomus pallidus,CPCT,water_change,Jackson,Medium,2,Lots of algae,2026-10-06T15:36:34.563Z
